<?xml version="1.0" encoding="UTF-8"?>
<config xmlns="http://www.knime.org/2008/09/XMLConfig" xmlns:xsi="http://www.w3.org/2001/XMLSchema-instance" xsi:schemaLocation="http://www.knime.org/2008/09/XMLConfig http://www.knime.org/XMLConfig_2008_09.xsd" key="table_meta_info">
    <entry key="table_ID" type="xint" value="5646"/>
    <entry key="table_type" type="xstring" value="rearrange_columns_table_compressed"/>
    <entry key="table_compression_format" type="xstring" value="SNAPPY"/>
    <config key="table_references">
        <entry key="array-size" type="xint" value="0"/>
    </config>
    <config key="meta_internal">
        <entry key="table_reference_ID" type="xint" value="1"/>
        <config key="table_internal_map">
            <entry key="array-size" type="xint" value="314"/>
            <entry key="0" type="xint" value="0"/>
            <entry key="1" type="xint" value="1"/>
            <entry key="2" type="xint" value="2"/>
            <entry key="3" type="xint" value="3"/>
            <entry key="4" type="xint" value="4"/>
            <entry key="5" type="xint" value="5"/>
            <entry key="6" type="xint" value="6"/>
            <entry key="7" type="xint" value="7"/>
            <entry key="8" type="xint" value="8"/>
            <entry key="9" type="xint" value="9"/>
            <entry key="10" type="xint" value="10"/>
            <entry key="11" type="xint" value="11"/>
            <entry key="12" type="xint" value="12"/>
            <entry key="13" type="xint" value="13"/>
            <entry key="14" type="xint" value="14"/>
            <entry key="15" type="xint" value="15"/>
            <entry key="16" type="xint" value="16"/>
            <entry key="17" type="xint" value="17"/>
            <entry key="18" type="xint" value="18"/>
            <entry key="19" type="xint" value="19"/>
            <entry key="20" type="xint" value="20"/>
            <entry key="21" type="xint" value="21"/>
            <entry key="22" type="xint" value="22"/>
            <entry key="23" type="xint" value="23"/>
            <entry key="24" type="xint" value="24"/>
            <entry key="25" type="xint" value="25"/>
            <entry key="26" type="xint" value="26"/>
            <entry key="27" type="xint" value="27"/>
            <entry key="28" type="xint" value="28"/>
            <entry key="29" type="xint" value="29"/>
            <entry key="30" type="xint" value="30"/>
            <entry key="31" type="xint" value="31"/>
            <entry key="32" type="xint" value="32"/>
            <entry key="33" type="xint" value="33"/>
            <entry key="34" type="xint" value="34"/>
            <entry key="35" type="xint" value="35"/>
            <entry key="36" type="xint" value="36"/>
            <entry key="37" type="xint" value="37"/>
            <entry key="38" type="xint" value="38"/>
            <entry key="39" type="xint" value="39"/>
            <entry key="40" type="xint" value="40"/>
            <entry key="41" type="xint" value="41"/>
            <entry key="42" type="xint" value="42"/>
            <entry key="43" type="xint" value="43"/>
            <entry key="44" type="xint" value="44"/>
            <entry key="45" type="xint" value="45"/>
            <entry key="46" type="xint" value="46"/>
            <entry key="47" type="xint" value="47"/>
            <entry key="48" type="xint" value="48"/>
            <entry key="49" type="xint" value="49"/>
            <entry key="50" type="xint" value="50"/>
            <entry key="51" type="xint" value="51"/>
            <entry key="52" type="xint" value="52"/>
            <entry key="53" type="xint" value="53"/>
            <entry key="54" type="xint" value="54"/>
            <entry key="55" type="xint" value="55"/>
            <entry key="56" type="xint" value="56"/>
            <entry key="57" type="xint" value="57"/>
            <entry key="58" type="xint" value="58"/>
            <entry key="59" type="xint" value="59"/>
            <entry key="60" type="xint" value="60"/>
            <entry key="61" type="xint" value="61"/>
            <entry key="62" type="xint" value="62"/>
            <entry key="63" type="xint" value="63"/>
            <entry key="64" type="xint" value="64"/>
            <entry key="65" type="xint" value="65"/>
            <entry key="66" type="xint" value="66"/>
            <entry key="67" type="xint" value="67"/>
            <entry key="68" type="xint" value="68"/>
            <entry key="69" type="xint" value="69"/>
            <entry key="70" type="xint" value="70"/>
            <entry key="71" type="xint" value="71"/>
            <entry key="72" type="xint" value="72"/>
            <entry key="73" type="xint" value="73"/>
            <entry key="74" type="xint" value="74"/>
            <entry key="75" type="xint" value="75"/>
            <entry key="76" type="xint" value="76"/>
            <entry key="77" type="xint" value="77"/>
            <entry key="78" type="xint" value="78"/>
            <entry key="79" type="xint" value="79"/>
            <entry key="80" type="xint" value="80"/>
            <entry key="81" type="xint" value="81"/>
            <entry key="82" type="xint" value="82"/>
            <entry key="83" type="xint" value="83"/>
            <entry key="84" type="xint" value="84"/>
            <entry key="85" type="xint" value="85"/>
            <entry key="86" type="xint" value="86"/>
            <entry key="87" type="xint" value="87"/>
            <entry key="88" type="xint" value="88"/>
            <entry key="89" type="xint" value="89"/>
            <entry key="90" type="xint" value="90"/>
            <entry key="91" type="xint" value="91"/>
            <entry key="92" type="xint" value="92"/>
            <entry key="93" type="xint" value="93"/>
            <entry key="94" type="xint" value="94"/>
            <entry key="95" type="xint" value="95"/>
            <entry key="96" type="xint" value="96"/>
            <entry key="97" type="xint" value="97"/>
            <entry key="98" type="xint" value="98"/>
            <entry key="99" type="xint" value="99"/>
            <entry key="100" type="xint" value="100"/>
            <entry key="101" type="xint" value="101"/>
            <entry key="102" type="xint" value="102"/>
            <entry key="103" type="xint" value="103"/>
            <entry key="104" type="xint" value="104"/>
            <entry key="105" type="xint" value="105"/>
            <entry key="106" type="xint" value="106"/>
            <entry key="107" type="xint" value="107"/>
            <entry key="108" type="xint" value="108"/>
            <entry key="109" type="xint" value="109"/>
            <entry key="110" type="xint" value="110"/>
            <entry key="111" type="xint" value="111"/>
            <entry key="112" type="xint" value="112"/>
            <entry key="113" type="xint" value="113"/>
            <entry key="114" type="xint" value="114"/>
            <entry key="115" type="xint" value="115"/>
            <entry key="116" type="xint" value="116"/>
            <entry key="117" type="xint" value="117"/>
            <entry key="118" type="xint" value="118"/>
            <entry key="119" type="xint" value="119"/>
            <entry key="120" type="xint" value="120"/>
            <entry key="121" type="xint" value="121"/>
            <entry key="122" type="xint" value="122"/>
            <entry key="123" type="xint" value="123"/>
            <entry key="124" type="xint" value="124"/>
            <entry key="125" type="xint" value="125"/>
            <entry key="126" type="xint" value="126"/>
            <entry key="127" type="xint" value="127"/>
            <entry key="128" type="xint" value="128"/>
            <entry key="129" type="xint" value="129"/>
            <entry key="130" type="xint" value="130"/>
            <entry key="131" type="xint" value="131"/>
            <entry key="132" type="xint" value="132"/>
            <entry key="133" type="xint" value="133"/>
            <entry key="134" type="xint" value="134"/>
            <entry key="135" type="xint" value="135"/>
            <entry key="136" type="xint" value="136"/>
            <entry key="137" type="xint" value="137"/>
            <entry key="138" type="xint" value="138"/>
            <entry key="139" type="xint" value="139"/>
            <entry key="140" type="xint" value="140"/>
            <entry key="141" type="xint" value="141"/>
            <entry key="142" type="xint" value="142"/>
            <entry key="143" type="xint" value="143"/>
            <entry key="144" type="xint" value="144"/>
            <entry key="145" type="xint" value="145"/>
            <entry key="146" type="xint" value="146"/>
            <entry key="147" type="xint" value="147"/>
            <entry key="148" type="xint" value="148"/>
            <entry key="149" type="xint" value="149"/>
            <entry key="150" type="xint" value="150"/>
            <entry key="151" type="xint" value="151"/>
            <entry key="152" type="xint" value="152"/>
            <entry key="153" type="xint" value="153"/>
            <entry key="154" type="xint" value="154"/>
            <entry key="155" type="xint" value="155"/>
            <entry key="156" type="xint" value="156"/>
            <entry key="157" type="xint" value="157"/>
            <entry key="158" type="xint" value="158"/>
            <entry key="159" type="xint" value="159"/>
            <entry key="160" type="xint" value="160"/>
            <entry key="161" type="xint" value="161"/>
            <entry key="162" type="xint" value="162"/>
            <entry key="163" type="xint" value="163"/>
            <entry key="164" type="xint" value="164"/>
            <entry key="165" type="xint" value="165"/>
            <entry key="166" type="xint" value="166"/>
            <entry key="167" type="xint" value="167"/>
            <entry key="168" type="xint" value="168"/>
            <entry key="169" type="xint" value="169"/>
            <entry key="170" type="xint" value="170"/>
            <entry key="171" type="xint" value="171"/>
            <entry key="172" type="xint" value="172"/>
            <entry key="173" type="xint" value="173"/>
            <entry key="174" type="xint" value="174"/>
            <entry key="175" type="xint" value="175"/>
            <entry key="176" type="xint" value="176"/>
            <entry key="177" type="xint" value="177"/>
            <entry key="178" type="xint" value="178"/>
            <entry key="179" type="xint" value="179"/>
            <entry key="180" type="xint" value="180"/>
            <entry key="181" type="xint" value="181"/>
            <entry key="182" type="xint" value="182"/>
            <entry key="183" type="xint" value="183"/>
            <entry key="184" type="xint" value="184"/>
            <entry key="185" type="xint" value="185"/>
            <entry key="186" type="xint" value="186"/>
            <entry key="187" type="xint" value="187"/>
            <entry key="188" type="xint" value="188"/>
            <entry key="189" type="xint" value="189"/>
            <entry key="190" type="xint" value="190"/>
            <entry key="191" type="xint" value="191"/>
            <entry key="192" type="xint" value="192"/>
            <entry key="193" type="xint" value="193"/>
            <entry key="194" type="xint" value="194"/>
            <entry key="195" type="xint" value="195"/>
            <entry key="196" type="xint" value="196"/>
            <entry key="197" type="xint" value="197"/>
            <entry key="198" type="xint" value="198"/>
            <entry key="199" type="xint" value="199"/>
            <entry key="200" type="xint" value="200"/>
            <entry key="201" type="xint" value="201"/>
            <entry key="202" type="xint" value="202"/>
            <entry key="203" type="xint" value="203"/>
            <entry key="204" type="xint" value="204"/>
            <entry key="205" type="xint" value="205"/>
            <entry key="206" type="xint" value="206"/>
            <entry key="207" type="xint" value="207"/>
            <entry key="208" type="xint" value="208"/>
            <entry key="209" type="xint" value="209"/>
            <entry key="210" type="xint" value="210"/>
            <entry key="211" type="xint" value="211"/>
            <entry key="212" type="xint" value="212"/>
            <entry key="213" type="xint" value="213"/>
            <entry key="214" type="xint" value="214"/>
            <entry key="215" type="xint" value="215"/>
            <entry key="216" type="xint" value="216"/>
            <entry key="217" type="xint" value="217"/>
            <entry key="218" type="xint" value="218"/>
            <entry key="219" type="xint" value="219"/>
            <entry key="220" type="xint" value="220"/>
            <entry key="221" type="xint" value="221"/>
            <entry key="222" type="xint" value="222"/>
            <entry key="223" type="xint" value="223"/>
            <entry key="224" type="xint" value="224"/>
            <entry key="225" type="xint" value="225"/>
            <entry key="226" type="xint" value="226"/>
            <entry key="227" type="xint" value="227"/>
            <entry key="228" type="xint" value="228"/>
            <entry key="229" type="xint" value="229"/>
            <entry key="230" type="xint" value="230"/>
            <entry key="231" type="xint" value="231"/>
            <entry key="232" type="xint" value="232"/>
            <entry key="233" type="xint" value="233"/>
            <entry key="234" type="xint" value="234"/>
            <entry key="235" type="xint" value="235"/>
            <entry key="236" type="xint" value="236"/>
            <entry key="237" type="xint" value="237"/>
            <entry key="238" type="xint" value="238"/>
            <entry key="239" type="xint" value="239"/>
            <entry key="240" type="xint" value="240"/>
            <entry key="241" type="xint" value="241"/>
            <entry key="242" type="xint" value="242"/>
            <entry key="243" type="xint" value="243"/>
            <entry key="244" type="xint" value="244"/>
            <entry key="245" type="xint" value="245"/>
            <entry key="246" type="xint" value="246"/>
            <entry key="247" type="xint" value="247"/>
            <entry key="248" type="xint" value="248"/>
            <entry key="249" type="xint" value="249"/>
            <entry key="250" type="xint" value="250"/>
            <entry key="251" type="xint" value="251"/>
            <entry key="252" type="xint" value="252"/>
            <entry key="253" type="xint" value="253"/>
            <entry key="254" type="xint" value="254"/>
            <entry key="255" type="xint" value="255"/>
            <entry key="256" type="xint" value="256"/>
            <entry key="257" type="xint" value="257"/>
            <entry key="258" type="xint" value="258"/>
            <entry key="259" type="xint" value="259"/>
            <entry key="260" type="xint" value="260"/>
            <entry key="261" type="xint" value="261"/>
            <entry key="262" type="xint" value="262"/>
            <entry key="263" type="xint" value="263"/>
            <entry key="264" type="xint" value="264"/>
            <entry key="265" type="xint" value="265"/>
            <entry key="266" type="xint" value="266"/>
            <entry key="267" type="xint" value="267"/>
            <entry key="268" type="xint" value="268"/>
            <entry key="269" type="xint" value="269"/>
            <entry key="270" type="xint" value="270"/>
            <entry key="271" type="xint" value="271"/>
            <entry key="272" type="xint" value="272"/>
            <entry key="273" type="xint" value="273"/>
            <entry key="274" type="xint" value="274"/>
            <entry key="275" type="xint" value="275"/>
            <entry key="276" type="xint" value="276"/>
            <entry key="277" type="xint" value="277"/>
            <entry key="278" type="xint" value="278"/>
            <entry key="279" type="xint" value="279"/>
            <entry key="280" type="xint" value="280"/>
            <entry key="281" type="xint" value="281"/>
            <entry key="282" type="xint" value="282"/>
            <entry key="283" type="xint" value="283"/>
            <entry key="284" type="xint" value="284"/>
            <entry key="285" type="xint" value="285"/>
            <entry key="286" type="xint" value="286"/>
            <entry key="287" type="xint" value="287"/>
            <entry key="288" type="xint" value="288"/>
            <entry key="289" type="xint" value="289"/>
            <entry key="290" type="xint" value="290"/>
            <entry key="291" type="xint" value="291"/>
            <entry key="292" type="xint" value="292"/>
            <entry key="293" type="xint" value="293"/>
            <entry key="294" type="xint" value="294"/>
            <entry key="295" type="xint" value="295"/>
            <entry key="296" type="xint" value="296"/>
            <entry key="297" type="xint" value="297"/>
            <entry key="298" type="xint" value="298"/>
            <entry key="299" type="xint" value="299"/>
            <entry key="300" type="xint" value="300"/>
            <entry key="301" type="xint" value="301"/>
            <entry key="302" type="xint" value="302"/>
            <entry key="303" type="xint" value="303"/>
            <entry key="304" type="xint" value="304"/>
            <entry key="305" type="xint" value="305"/>
            <entry key="306" type="xint" value="306"/>
            <entry key="307" type="xint" value="307"/>
            <entry key="308" type="xint" value="308"/>
            <entry key="309" type="xint" value="309"/>
            <entry key="310" type="xint" value="310"/>
            <entry key="311" type="xint" value="311"/>
            <entry key="312" type="xint" value="312"/>
            <entry key="313" type="xint" value="313"/>
        </config>
        <config key="table_internal_flags">
            <entry key="array-size" type="xint" value="314"/>
            <entry key="0" type="xboolean" value="false"/>
            <entry key="1" type="xboolean" value="true"/>
            <entry key="2" type="xboolean" value="true"/>
            <entry key="3" type="xboolean" value="true"/>
            <entry key="4" type="xboolean" value="true"/>
            <entry key="5" type="xboolean" value="true"/>
            <entry key="6" type="xboolean" value="true"/>
            <entry key="7" type="xboolean" value="true"/>
            <entry key="8" type="xboolean" value="true"/>
            <entry key="9" type="xboolean" value="true"/>
            <entry key="10" type="xboolean" value="true"/>
            <entry key="11" type="xboolean" value="true"/>
            <entry key="12" type="xboolean" value="true"/>
            <entry key="13" type="xboolean" value="true"/>
            <entry key="14" type="xboolean" value="true"/>
            <entry key="15" type="xboolean" value="true"/>
            <entry key="16" type="xboolean" value="true"/>
            <entry key="17" type="xboolean" value="true"/>
            <entry key="18" type="xboolean" value="true"/>
            <entry key="19" type="xboolean" value="true"/>
            <entry key="20" type="xboolean" value="true"/>
            <entry key="21" type="xboolean" value="true"/>
            <entry key="22" type="xboolean" value="true"/>
            <entry key="23" type="xboolean" value="true"/>
            <entry key="24" type="xboolean" value="true"/>
            <entry key="25" type="xboolean" value="true"/>
            <entry key="26" type="xboolean" value="true"/>
            <entry key="27" type="xboolean" value="true"/>
            <entry key="28" type="xboolean" value="true"/>
            <entry key="29" type="xboolean" value="true"/>
            <entry key="30" type="xboolean" value="true"/>
            <entry key="31" type="xboolean" value="true"/>
            <entry key="32" type="xboolean" value="true"/>
            <entry key="33" type="xboolean" value="true"/>
            <entry key="34" type="xboolean" value="true"/>
            <entry key="35" type="xboolean" value="true"/>
            <entry key="36" type="xboolean" value="true"/>
            <entry key="37" type="xboolean" value="true"/>
            <entry key="38" type="xboolean" value="true"/>
            <entry key="39" type="xboolean" value="true"/>
            <entry key="40" type="xboolean" value="true"/>
            <entry key="41" type="xboolean" value="true"/>
            <entry key="42" type="xboolean" value="true"/>
            <entry key="43" type="xboolean" value="true"/>
            <entry key="44" type="xboolean" value="true"/>
            <entry key="45" type="xboolean" value="true"/>
            <entry key="46" type="xboolean" value="true"/>
            <entry key="47" type="xboolean" value="true"/>
            <entry key="48" type="xboolean" value="true"/>
            <entry key="49" type="xboolean" value="true"/>
            <entry key="50" type="xboolean" value="true"/>
            <entry key="51" type="xboolean" value="true"/>
            <entry key="52" type="xboolean" value="true"/>
            <entry key="53" type="xboolean" value="true"/>
            <entry key="54" type="xboolean" value="true"/>
            <entry key="55" type="xboolean" value="true"/>
            <entry key="56" type="xboolean" value="true"/>
            <entry key="57" type="xboolean" value="true"/>
            <entry key="58" type="xboolean" value="true"/>
            <entry key="59" type="xboolean" value="true"/>
            <entry key="60" type="xboolean" value="true"/>
            <entry key="61" type="xboolean" value="true"/>
            <entry key="62" type="xboolean" value="true"/>
            <entry key="63" type="xboolean" value="true"/>
            <entry key="64" type="xboolean" value="true"/>
            <entry key="65" type="xboolean" value="true"/>
            <entry key="66" type="xboolean" value="true"/>
            <entry key="67" type="xboolean" value="true"/>
            <entry key="68" type="xboolean" value="true"/>
            <entry key="69" type="xboolean" value="true"/>
            <entry key="70" type="xboolean" value="true"/>
            <entry key="71" type="xboolean" value="true"/>
            <entry key="72" type="xboolean" value="true"/>
            <entry key="73" type="xboolean" value="true"/>
            <entry key="74" type="xboolean" value="true"/>
            <entry key="75" type="xboolean" value="true"/>
            <entry key="76" type="xboolean" value="true"/>
            <entry key="77" type="xboolean" value="true"/>
            <entry key="78" type="xboolean" value="true"/>
            <entry key="79" type="xboolean" value="true"/>
            <entry key="80" type="xboolean" value="true"/>
            <entry key="81" type="xboolean" value="true"/>
            <entry key="82" type="xboolean" value="true"/>
            <entry key="83" type="xboolean" value="true"/>
            <entry key="84" type="xboolean" value="true"/>
            <entry key="85" type="xboolean" value="true"/>
            <entry key="86" type="xboolean" value="true"/>
            <entry key="87" type="xboolean" value="true"/>
            <entry key="88" type="xboolean" value="true"/>
            <entry key="89" type="xboolean" value="true"/>
            <entry key="90" type="xboolean" value="true"/>
            <entry key="91" type="xboolean" value="true"/>
            <entry key="92" type="xboolean" value="true"/>
            <entry key="93" type="xboolean" value="true"/>
            <entry key="94" type="xboolean" value="true"/>
            <entry key="95" type="xboolean" value="true"/>
            <entry key="96" type="xboolean" value="true"/>
            <entry key="97" type="xboolean" value="true"/>
            <entry key="98" type="xboolean" value="true"/>
            <entry key="99" type="xboolean" value="true"/>
            <entry key="100" type="xboolean" value="true"/>
            <entry key="101" type="xboolean" value="true"/>
            <entry key="102" type="xboolean" value="true"/>
            <entry key="103" type="xboolean" value="true"/>
            <entry key="104" type="xboolean" value="true"/>
            <entry key="105" type="xboolean" value="true"/>
            <entry key="106" type="xboolean" value="true"/>
            <entry key="107" type="xboolean" value="true"/>
            <entry key="108" type="xboolean" value="true"/>
            <entry key="109" type="xboolean" value="true"/>
            <entry key="110" type="xboolean" value="true"/>
            <entry key="111" type="xboolean" value="true"/>
            <entry key="112" type="xboolean" value="true"/>
            <entry key="113" type="xboolean" value="true"/>
            <entry key="114" type="xboolean" value="true"/>
            <entry key="115" type="xboolean" value="true"/>
            <entry key="116" type="xboolean" value="true"/>
            <entry key="117" type="xboolean" value="true"/>
            <entry key="118" type="xboolean" value="true"/>
            <entry key="119" type="xboolean" value="true"/>
            <entry key="120" type="xboolean" value="true"/>
            <entry key="121" type="xboolean" value="true"/>
            <entry key="122" type="xboolean" value="true"/>
            <entry key="123" type="xboolean" value="true"/>
            <entry key="124" type="xboolean" value="true"/>
            <entry key="125" type="xboolean" value="true"/>
            <entry key="126" type="xboolean" value="true"/>
            <entry key="127" type="xboolean" value="true"/>
            <entry key="128" type="xboolean" value="true"/>
            <entry key="129" type="xboolean" value="true"/>
            <entry key="130" type="xboolean" value="true"/>
            <entry key="131" type="xboolean" value="true"/>
            <entry key="132" type="xboolean" value="true"/>
            <entry key="133" type="xboolean" value="true"/>
            <entry key="134" type="xboolean" value="true"/>
            <entry key="135" type="xboolean" value="true"/>
            <entry key="136" type="xboolean" value="true"/>
            <entry key="137" type="xboolean" value="true"/>
            <entry key="138" type="xboolean" value="true"/>
            <entry key="139" type="xboolean" value="true"/>
            <entry key="140" type="xboolean" value="true"/>
            <entry key="141" type="xboolean" value="true"/>
            <entry key="142" type="xboolean" value="true"/>
            <entry key="143" type="xboolean" value="true"/>
            <entry key="144" type="xboolean" value="true"/>
            <entry key="145" type="xboolean" value="true"/>
            <entry key="146" type="xboolean" value="true"/>
            <entry key="147" type="xboolean" value="true"/>
            <entry key="148" type="xboolean" value="true"/>
            <entry key="149" type="xboolean" value="true"/>
            <entry key="150" type="xboolean" value="true"/>
            <entry key="151" type="xboolean" value="true"/>
            <entry key="152" type="xboolean" value="true"/>
            <entry key="153" type="xboolean" value="true"/>
            <entry key="154" type="xboolean" value="true"/>
            <entry key="155" type="xboolean" value="true"/>
            <entry key="156" type="xboolean" value="true"/>
            <entry key="157" type="xboolean" value="true"/>
            <entry key="158" type="xboolean" value="true"/>
            <entry key="159" type="xboolean" value="true"/>
            <entry key="160" type="xboolean" value="true"/>
            <entry key="161" type="xboolean" value="true"/>
            <entry key="162" type="xboolean" value="true"/>
            <entry key="163" type="xboolean" value="true"/>
            <entry key="164" type="xboolean" value="true"/>
            <entry key="165" type="xboolean" value="true"/>
            <entry key="166" type="xboolean" value="true"/>
            <entry key="167" type="xboolean" value="true"/>
            <entry key="168" type="xboolean" value="true"/>
            <entry key="169" type="xboolean" value="true"/>
            <entry key="170" type="xboolean" value="true"/>
            <entry key="171" type="xboolean" value="true"/>
            <entry key="172" type="xboolean" value="true"/>
            <entry key="173" type="xboolean" value="true"/>
            <entry key="174" type="xboolean" value="true"/>
            <entry key="175" type="xboolean" value="true"/>
            <entry key="176" type="xboolean" value="true"/>
            <entry key="177" type="xboolean" value="true"/>
            <entry key="178" type="xboolean" value="true"/>
            <entry key="179" type="xboolean" value="true"/>
            <entry key="180" type="xboolean" value="true"/>
            <entry key="181" type="xboolean" value="true"/>
            <entry key="182" type="xboolean" value="true"/>
            <entry key="183" type="xboolean" value="true"/>
            <entry key="184" type="xboolean" value="true"/>
            <entry key="185" type="xboolean" value="true"/>
            <entry key="186" type="xboolean" value="true"/>
            <entry key="187" type="xboolean" value="true"/>
            <entry key="188" type="xboolean" value="true"/>
            <entry key="189" type="xboolean" value="true"/>
            <entry key="190" type="xboolean" value="true"/>
            <entry key="191" type="xboolean" value="true"/>
            <entry key="192" type="xboolean" value="true"/>
            <entry key="193" type="xboolean" value="true"/>
            <entry key="194" type="xboolean" value="true"/>
            <entry key="195" type="xboolean" value="true"/>
            <entry key="196" type="xboolean" value="true"/>
            <entry key="197" type="xboolean" value="true"/>
            <entry key="198" type="xboolean" value="true"/>
            <entry key="199" type="xboolean" value="true"/>
            <entry key="200" type="xboolean" value="true"/>
            <entry key="201" type="xboolean" value="true"/>
            <entry key="202" type="xboolean" value="true"/>
            <entry key="203" type="xboolean" value="true"/>
            <entry key="204" type="xboolean" value="true"/>
            <entry key="205" type="xboolean" value="true"/>
            <entry key="206" type="xboolean" value="true"/>
            <entry key="207" type="xboolean" value="true"/>
            <entry key="208" type="xboolean" value="true"/>
            <entry key="209" type="xboolean" value="true"/>
            <entry key="210" type="xboolean" value="true"/>
            <entry key="211" type="xboolean" value="true"/>
            <entry key="212" type="xboolean" value="true"/>
            <entry key="213" type="xboolean" value="true"/>
            <entry key="214" type="xboolean" value="true"/>
            <entry key="215" type="xboolean" value="true"/>
            <entry key="216" type="xboolean" value="true"/>
            <entry key="217" type="xboolean" value="true"/>
            <entry key="218" type="xboolean" value="true"/>
            <entry key="219" type="xboolean" value="true"/>
            <entry key="220" type="xboolean" value="true"/>
            <entry key="221" type="xboolean" value="true"/>
            <entry key="222" type="xboolean" value="true"/>
            <entry key="223" type="xboolean" value="true"/>
            <entry key="224" type="xboolean" value="true"/>
            <entry key="225" type="xboolean" value="true"/>
            <entry key="226" type="xboolean" value="true"/>
            <entry key="227" type="xboolean" value="true"/>
            <entry key="228" type="xboolean" value="true"/>
            <entry key="229" type="xboolean" value="true"/>
            <entry key="230" type="xboolean" value="true"/>
            <entry key="231" type="xboolean" value="true"/>
            <entry key="232" type="xboolean" value="true"/>
            <entry key="233" type="xboolean" value="true"/>
            <entry key="234" type="xboolean" value="true"/>
            <entry key="235" type="xboolean" value="true"/>
            <entry key="236" type="xboolean" value="true"/>
            <entry key="237" type="xboolean" value="true"/>
            <entry key="238" type="xboolean" value="true"/>
            <entry key="239" type="xboolean" value="true"/>
            <entry key="240" type="xboolean" value="true"/>
            <entry key="241" type="xboolean" value="true"/>
            <entry key="242" type="xboolean" value="true"/>
            <entry key="243" type="xboolean" value="true"/>
            <entry key="244" type="xboolean" value="true"/>
            <entry key="245" type="xboolean" value="true"/>
            <entry key="246" type="xboolean" value="true"/>
            <entry key="247" type="xboolean" value="true"/>
            <entry key="248" type="xboolean" value="true"/>
            <entry key="249" type="xboolean" value="true"/>
            <entry key="250" type="xboolean" value="true"/>
            <entry key="251" type="xboolean" value="true"/>
            <entry key="252" type="xboolean" value="true"/>
            <entry key="253" type="xboolean" value="true"/>
            <entry key="254" type="xboolean" value="true"/>
            <entry key="255" type="xboolean" value="true"/>
            <entry key="256" type="xboolean" value="true"/>
            <entry key="257" type="xboolean" value="true"/>
            <entry key="258" type="xboolean" value="true"/>
            <entry key="259" type="xboolean" value="true"/>
            <entry key="260" type="xboolean" value="true"/>
            <entry key="261" type="xboolean" value="true"/>
            <entry key="262" type="xboolean" value="true"/>
            <entry key="263" type="xboolean" value="true"/>
            <entry key="264" type="xboolean" value="true"/>
            <entry key="265" type="xboolean" value="true"/>
            <entry key="266" type="xboolean" value="true"/>
            <entry key="267" type="xboolean" value="true"/>
            <entry key="268" type="xboolean" value="true"/>
            <entry key="269" type="xboolean" value="true"/>
            <entry key="270" type="xboolean" value="true"/>
            <entry key="271" type="xboolean" value="true"/>
            <entry key="272" type="xboolean" value="true"/>
            <entry key="273" type="xboolean" value="true"/>
            <entry key="274" type="xboolean" value="true"/>
            <entry key="275" type="xboolean" value="true"/>
            <entry key="276" type="xboolean" value="true"/>
            <entry key="277" type="xboolean" value="true"/>
            <entry key="278" type="xboolean" value="true"/>
            <entry key="279" type="xboolean" value="true"/>
            <entry key="280" type="xboolean" value="true"/>
            <entry key="281" type="xboolean" value="true"/>
            <entry key="282" type="xboolean" value="true"/>
            <entry key="283" type="xboolean" value="true"/>
            <entry key="284" type="xboolean" value="true"/>
            <entry key="285" type="xboolean" value="true"/>
            <entry key="286" type="xboolean" value="true"/>
            <entry key="287" type="xboolean" value="true"/>
            <entry key="288" type="xboolean" value="true"/>
            <entry key="289" type="xboolean" value="true"/>
            <entry key="290" type="xboolean" value="true"/>
            <entry key="291" type="xboolean" value="true"/>
            <entry key="292" type="xboolean" value="true"/>
            <entry key="293" type="xboolean" value="true"/>
            <entry key="294" type="xboolean" value="true"/>
            <entry key="295" type="xboolean" value="true"/>
            <entry key="296" type="xboolean" value="true"/>
            <entry key="297" type="xboolean" value="true"/>
            <entry key="298" type="xboolean" value="true"/>
            <entry key="299" type="xboolean" value="true"/>
            <entry key="300" type="xboolean" value="true"/>
            <entry key="301" type="xboolean" value="true"/>
            <entry key="302" type="xboolean" value="true"/>
            <entry key="303" type="xboolean" value="true"/>
            <entry key="304" type="xboolean" value="true"/>
            <entry key="305" type="xboolean" value="true"/>
            <entry key="306" type="xboolean" value="true"/>
            <entry key="307" type="xboolean" value="true"/>
            <entry key="308" type="xboolean" value="true"/>
            <entry key="309" type="xboolean" value="true"/>
            <entry key="310" type="xboolean" value="true"/>
            <entry key="311" type="xboolean" value="true"/>
            <entry key="312" type="xboolean" value="true"/>
            <entry key="313" type="xboolean" value="true"/>
        </config>
        <entry key="table_type" type="xint" value="0"/>
    </config>
    <entry key="table_file_name" type="xstring" value="data.zip"/>
</config>
